번호,단어,병음,뜻,음독,예문1_중국어,예문1_한국어,예문1_병음,예문2_중국어,예문2_한국어,예문2_병음,예문3_중국어,예문3_한국어,예문3_병음,자주쓰는패턴1,자주쓰는패턴2,자주쓰는패턴3,학습포인트1,학습포인트2
1,手机,shǒu jī,휴대폰,수기,我手机快没电了。,내 휴대폰 배터리가 거의 없다.,wǒ shǒu jī kuài méi diàn le。,你手机是不是静音了？,네 휴대폰 무음인 거 아니야?,nǐ shǒu jī shì bú shì jìng yīn le？,如果找不到我，就直接打我手机。,나를 못 찾겠으면 그냥 내 휴대폰으로 전화해.,rú guǒ zhǎo bú dào wǒ， jiù zhí jiē dǎ wǒ shǒu jī。,,,,“手机”는 휴대폰·컴퓨터·앱 문맥에서 매우 자주 나오는 표현이다.,보내기·보기·열기·수정하기 같은 조작 동사와 같이 떠올리면 실제 사용 속도가 빨라진다.
2,今天,jīn tiān,오늘,금천,今天我有点忙。,오늘은 좀 바빠.,jīn tiān wǒ yǒu diǎn máng。,你今天忙不忙？,"너 오늘 바빠, 안 바빠?",nǐ jīn tiān máng bù máng？,如果今天方便的话，我们晚上见。,오늘 괜찮으면 저녁에 보자.,rú guǒ jīn tiān fāng biàn de huà， wǒ men wǎn shàng jiàn。,有点……,如果……的话，……,,“今天”는 시간 흐름을 자연스럽게 말할 때 매우 자주 쓰이는 표현이다.,문장 앞에 두어 상황 배경을 먼저 깔아 주는 연습을 하면 회화가 훨씬 자연스러워진다.
3,房间,fáng jiān,방,방간,我先回房间拿个东西。,나 먼저 방에 가서 물건 좀 가져올게.,wǒ xiān huí fáng jiān ná gè dōng xī。,你现在在房间吗？,너 지금 방에 있어?,nǐ xiàn zài zài fáng jiān ma？,要不你先去房间等我。,너 먼저 방에서 기다릴래?,yào bù nǐ xiān qù fáng jiān děng wǒ。,要不……,,,“房间”는 위치를 말하거나 약속 장소를 잡을 때 아주 자주 쓰는 생활 표현이다.,“在/去/到/从 + 房间” 형태로 통째로 익히면 실제 회화에서 바로 튀어나오기 쉽다.
4,地铁站,dì tiě zhàn,지하철역,지철참,地铁站就在前面。,지하철역은 바로 앞이야.,dì tiě zhàn jiù zài qián miàn。,你到地铁站了吗？,지하철역에 도착했어?,nǐ dào dì tiě zhàn le ma？,你到了地铁站给我发个消息，我出来接你。,"지하철역에 도착하면 메시지 보내, 내가 나갈게.",nǐ dào le dì tiě zhàn gěi wǒ fā gè xiāo xī， wǒ chū lái jiē nǐ。,,,,“地铁站”는 약속 장소를 잡거나 길을 설명할 때 아주 자주 나온다.,“到地铁站 / 出地铁站 / 地铁站见”처럼 움직임 표현과 묶어 익히면 좋다.
5,考虑,kǎo lǜ,고려하다,고려,这件事我得再考虑一下。,이 일은 제가 좀 더 생각해봐야 해요.,zhè jiàn shì wǒ děi zài kǎo lǜ yī xià。,你考虑好了吗？,생각 정리 다 됐어요?,nǐ kǎo lǜ hǎo le ma？,如果工资差不多的话，我会考虑这份工作。,급여가 비슷하면 이 일자리를 고려할 거예요.,rú guǒ gōng zī chà bu duō de huà， wǒ huì kǎo lǜ zhè fèn gōng zuò。,如果……的话，……,,,“考虑”는 생각·감정·대인관계 상황에서 자주 쓰는 고빈도 동사다.,주어와 목적어만 바꿔도 바로 응용되므로 짧은 문장째 외우는 방식이 효과적이다.
6,公交车,gōng jiāo chē,버스,공교차,我平时上班都坐公交车。,나는 평소 출근할 때 늘 버스를 타.,wǒ píng shí shàng bān dōu zuò gōng jiāo chē。,这附近有到市中心的公交车吗？,이 근처에 시내 가는 버스 있어?,zhè fù jìn yǒu dào shì zhōng xīn de gōng jiāo chē ma？,要是赶不上地铁，我们就坐公交车吧。,지하철 못 타면 우리 버스 타자.,yào shì gǎn bù shàng dì tiě， wǒ men jiù zuò gōng jiāo chē ba。,,,,“公交车”는 이동·길찾기·여행 약속에서 자주 나오는 핵심 표현이다.,"출발하기, 도착하기, 길 묻기, 어디서 기다리기 같은 문장과 같이 익히면 특히 유용하다."
7,希望,xī wàng,희망,희망,我还是希望你能来。,나는 그래도 네가 왔으면 좋겠어.,wǒ hái shì xī wàng nǐ néng lái。,你真的希望我去吗？,너 정말 내가 가길 바라?,nǐ zhēn de xī wàng wǒ qù ma？,有话你就直说，我也希望早点定下来。,"할 말 있으면 바로 해, 나도 빨리 정해졌으면 좋겠어.",yǒu huà nǐ jiù zhí shuō， wǒ yě xī wàng zǎo diǎn dìng xià lái。,,,,“希望”는 생각·감정·대인관계 상황에서 자주 쓰는 고빈도 동사다.,주어와 목적어만 바꿔도 바로 응용되므로 짧은 문장째 외우는 방식이 효과적이다.
8,公交站,gōng jiāo zhàn,버스정류장,공교참,公交站就在前面。,버스정류장은 바로 앞이야.,gōng jiāo zhàn jiù zài qián miàn。,这附近有公交站吗？,이 근처에 버스정류장 있어?,zhè fù jìn yǒu gōng jiāo zhàn ma？,你到了公交站再给我打电话。,버스정류장 도착하면 나한테 다시 전화해.,nǐ dào le gōng jiāo zhàn zài gěi wǒ dǎ diàn huà。,,,,“公交站”는 이동·길찾기·여행 약속에서 자주 나오는 핵심 표현이다.,"출발하기, 도착하기, 길 묻기, 어디서 기다리기 같은 문장과 같이 익히면 특히 유용하다."
9,需要,xū yào,필요하다,수요,我现在需要一点时间。,나 지금 시간이 조금 필요해.,wǒ xiàn zài xū yào yì diǎn shí jiān。,你那边还需要我帮忙吗？,너희 쪽은 아직 내가 도와줄 게 있어?,nǐ nà biān hái xū yào wǒ bāng máng ma？,如果你需要的话，我现在就过去。,네가 필요하면 내가 지금 바로 갈게.,rú guǒ nǐ xū yào de huà， wǒ xiàn zài jiù guò qù。,……过,如果……的话，……,,“需要”는 생각·감정·대인관계 상황에서 자주 쓰는 고빈도 동사다.,주어와 목적어만 바꿔도 바로 응용되므로 짧은 문장째 외우는 방식이 효과적이다.
10,出租车,chū zū chē,택시,출조차,我今天打出租车过来的。,나는 오늘 택시 타고 왔다.,wǒ jīn tiān dǎ chū zū chē guò lái de。,这边打出租车方便吗？,여기서는 택시 잡기 편해?,zhè biān dǎ chū zū chē fāng biàn ma？,要不我们直接打出租车过去吧。,우리 그냥 택시 타고 갈까.,yào bù wǒ men zhí jiē dǎ chū zū chē guò qù ba。,……过,要不……,,“出租车”는 이동·길찾기·여행 약속에서 자주 나오는 핵심 표현이다.,"출발하기, 도착하기, 길 묻기, 어디서 기다리기 같은 문장과 같이 익히면 특히 유용하다."
11,想要,xiǎng yào,원하다,상요,我其实不太想要这个。,나는 사실 이건 별로 안 갖고 싶어.,wǒ qí shí bù tài xiǎng yào zhè ge。,你想要哪个颜色？,너는 어떤 색을 원해?,nǐ xiǎng yào nǎ ge yán sè？,你要是真想要，我们今天就下单吧。,진짜 갖고 싶으면 오늘 바로 주문하자.,nǐ yào shì zhēn xiǎng yào， wǒ men jīn tiān jiù xià dān ba。,不太……,其实……,,“想要”는 생각·감정·대인관계 상황에서 자주 쓰는 고빈도 동사다.,주어와 목적어만 바꿔도 바로 응용되므로 짧은 문장째 외우는 방식이 효과적이다.
12,网约车,wǎng yuē chē,호출차,망약차,我刚叫了辆网约车。,나 방금 호출차 한 대 불렀어.,wǒ gāng jiào le liàng wǎng yuē chē。,你的网约车还有几分钟到？,네 网约车 몇 분 뒤에 와?,nǐ de wǎng yuē chē hái yǒu jǐ fēn zhōng dào？,网约车到了你再下楼，不用太早出去。,"차가 도착하면 그때 내려와, 너무 일찍 나갈 필요 없어.",wǎng yuē chē dào le nǐ zài xià lóu， bù yòng tài zǎo chū qù。,我刚……,,,“网约车”는 이동·길찾기·여행 약속에서 자주 나오는 핵심 표현이다.,"출발하기, 도착하기, 길 묻기, 어디서 기다리기 같은 문장과 같이 익히면 특히 유용하다."
13,喜欢,xǐ huān,좋아하다,희환,我还挺喜欢这家店的。,나는 이 가게가 꽤 좋아.,wǒ hái tǐng xǐ huān zhè jiā diàn de。,你也喜欢这种口味吗？,너도 이런 맛 좋아해?,nǐ yě xǐ huān zhè zhǒng kǒu wèi ma？,如果你喜欢的话，下次我们再来。,네가 좋아하면 다음에 또 오자.,rú guǒ nǐ xǐ huān de huà， xià cì wǒ men zài lái。,如果……的话，……,,,“喜欢”는 생각·감정·대인관계 상황에서 자주 쓰는 고빈도 동사다.,주어와 목적어만 바꿔도 바로 응용되므로 짧은 문장째 외우는 방식이 효과적이다.
14,中午,zhōng wǔ,정오/점심때,중오,中午我想简单吃点。,점심엔 간단히 좀 먹고 싶어.,zhōng wǔ wǒ xiǎng jiǎn dān chī diǎn。,你中午回去吗？,점심에 돌아가?,nǐ zhōng wǔ huí qù ma？,如果中午有空的话，我们一起吃饭。,점심에 시간 되면 같이 밥 먹자.,rú guǒ zhōng wǔ yǒu kòng de huà， wǒ men yì qǐ chī fàn。,我想……,如果……的话，……,,“中午”는 시간 흐름을 자연스럽게 말할 때 매우 자주 쓰이는 표현이다.,문장 앞에 두어 상황 배경을 먼저 깔아 주는 연습을 하면 회화가 훨씬 자연스러워진다.
15,公司,gōng sī,회사,공사,我今天在公司忙到挺晚。,나 오늘 회사에서 꽤 늦게까지 일했어.,wǒ jīn tiān zài gōng sī máng dào tǐng wǎn。,你现在还在公司吗？,너 아직 회사야?,nǐ xiàn zài hái zài gōng sī ma？,公司这边一忙完，我就回你消息。,회사 일 좀 끝나는 대로 내가 너한테 답장할게.,gōng sī zhè biān yī máng wán， wǒ jiù huí nǐ xiāo xī。,,,,“公司”는 위치를 말하거나 약속 장소를 잡을 때 아주 자주 쓰는 생활 표현이다.,“在/去/到/从 + 公司” 형태로 통째로 익히면 실제 회화에서 바로 튀어나오기 쉽다.
16,高铁,gāo tiě,고속철,고철,坐高铁过去两个小时就到了。,고속철 타고 가면 두 시간이면 도착해.,zuò gāo tiě guò qù liǎng gè xiǎo shí jiù dào le。,你想坐高铁还是坐飞机？,"너 고속철 탈래, 비행기 탈래?",nǐ xiǎng zuò gāo tiě hái shì zuò fēi jī？,我先看看下午还有没有高铁票。,오후에 고속철 표가 아직 있는지 먼저 볼게.,wǒ xiān kàn kàn xià wǔ hái yǒu méi yǒu gāo tiě piào。,……过,,,“高铁”는 이동·길찾기·여행 약속에서 자주 나오는 핵심 표현이다.,"출발하기, 도착하기, 길 묻기, 어디서 기다리기 같은 문장과 같이 익히면 특히 유용하다."
17,忘记,wàng jì,잊다,망기,我差点又忘记了。,나 또 깜빡할 뻔했어.,wǒ chà diǎn yòu wàng jì le。,你是不是忘记带钥匙了？,너 열쇠 가져오는 거 잊은 거 아니야?,nǐ shì bú shì wàng jì dài yào shi le？,怕自己忘记的话，就先记在手机里。,까먹을 것 같으면 먼저 휴대폰에 적어 둬.,pà zì jǐ wàng jì de huà， jiù xiān jì zài shǒu jī lǐ。,,,,“忘记”는 생각·감정·대인관계 상황에서 자주 쓰는 고빈도 동사다.,주어와 목적어만 바꿔도 바로 응용되므로 짧은 문장째 외우는 방식이 효과적이다.
18,火锅,huǒ guō,훠궈,화과,天一冷就想吃火锅。,날씨만 추워지면 훠궈가 당겨.,tiān yī lěng jiù xiǎng chī huǒ guō。,你能吃辣的话，我们晚上吃火锅怎么样？,매운 거 괜찮으면 우리 저녁에 훠궈 먹을까?,nǐ néng chī là de huà， wǒ men wǎn shàng chī huǒ guō zěn me yàng？,人多一点吃火锅更热闹。,훠궈는 사람이 좀 있어야 더 재밌지.,rén duō yì diǎn chī huǒ guō gèng rè nào。,,,,“火锅”는 먹고 마시고 주문하는 장면에서 바로 써먹을 수 있는 생활어다.,먹기/마시기/주문하기/같이 먹자고 제안하기까지 묶어 연습하면 활용도가 높다.
19,明白,míng bái,이해하다,명백,我大概明白你的意思了。,나는 대충 네 뜻을 이해했어.,wǒ dà gài míng bái nǐ de yì si le。,你明白我刚才说的吗？,내가 방금 말한 거 이해했어?,nǐ míng bái wǒ gāng cái shuō de ma？,你要是还不明白，我再说一遍。,아직 이해가 안 되면 내가 다시 말해줄게.,nǐ yào shì hái bù míng bái， wǒ zài shuō yī biàn。,,,,“明白”는 생각·감정·대인관계 상황에서 자주 쓰는 고빈도 동사다.,주어와 목적어만 바꿔도 바로 응용되므로 짧은 문장째 외우는 방식이 효과적이다.
20,机场,jī chǎng,공항,기장,我已经到机场了。,나 이미 공항 도착했어.,wǒ yǐ jīng dào jī chǎng le。,现在去机场会不会太堵？,지금 공항 가면 너무 막히지 않을까?,xiàn zài qù jī chǎng huì bú huì tài dǔ？,你到了机场先去办值机吧。,공항 도착하면 먼저 체크인해.,nǐ dào le jī chǎng xiān qù bàn zhí jī ba。,我已经……了,,,“机场”는 이동·길찾기·여행 약속에서 자주 나오는 핵심 표현이다.,"출발하기, 도착하기, 길 묻기, 어디서 기다리기 같은 문장과 같이 익히면 특히 유용하다."
21,理解,lǐ jiě,이해하다,이해,现在我能理解你为什么生气了。,이제 나는 네가 왜 화났는지 이해할 수 있어.,xiàn zài wǒ néng lǐ jiě nǐ wèi shén me shēng qì le。,你能理解我的意思吗？,내 뜻을 이해할 수 있어?,nǐ néng lǐ jiě wǒ de yì si ma？,他今天状态不太好，你多理解一下吧。,걔 오늘 상태가 별로 안 좋으니까 좀 이해해줘.,tā jīn tiān zhuàng tài bù tài hǎo， nǐ duō lǐ jiě yī xià ba。,不太……,,,“理解”는 생각·감정·대인관계 상황에서 자주 쓰는 고빈도 동사다.,주어와 목적어만 바꿔도 바로 응용되므로 짧은 문장째 외우는 방식이 효과적이다.
22,奶茶,nǎi chá,밀크티,내차,我最近在少喝奶茶。,나 요즘 밀크티 줄이고 있어.,wǒ zuì jìn zài shǎo hē nǎi chá。,你今天想不想喝奶茶？,오늘 밀크티 마실래?,nǐ jīn tiān xiǎng bù xiǎng hē nǎi chá？,要不我顺路给你带一杯奶茶。,내가 가는 길에 밀크티 한 잔 사다 줄까?,yào bù wǒ shùn lù gěi nǐ dài yī bēi nǎi chá。,要不……,,,“奶茶”는 먹고 마시고 주문하는 장면에서 바로 써먹을 수 있는 생활어다.,먹기/마시기/주문하기/같이 먹자고 제안하기까지 묶어 연습하면 활용도가 높다.
23,上课,shàng kè,수업하다,상과,我下午还得去上课。,나 오후에 또 수업 들으러 가야 해.,wǒ xià wǔ hái děi qù shàng kè。,你今天几点上课？,너 오늘 몇 시에 수업 있어?,nǐ jīn tiān jǐ diǎn shàng kè？,上课的时候记得把手机静音。,수업할 때 휴대폰 무음으로 해 두는 거 잊지 마.,shàng kè de shí hòu jì de bǎ shǒu jī jìng yīn。,,,,“上课”는 실전회화에서 바로 써먹는 핵심 동사다.,“先/再/一下/以后” 같은 말과 붙여 여러 상황으로 바꿔 말하는 연습을 하면 좋다.
24,邻居,lín jū,이웃,린거,我昨天在门口碰到邻居了。,어제 문 앞에서 이웃을 마주쳤어.,wǒ zuó tiān zài mén kǒu pèng dào lín jū le。,你跟邻居熟吗？,너 이웃이랑 친해?,nǐ gēn lín jū shú ma？,如果太吵的话，我去跟邻居说一下。,너무 시끄러우면 내가 이웃에게 한번 말할게.,rú guǒ tài chǎo de huà， wǒ qù gēn lín jū shuō yī xià。,如果……的话，……,,,"“邻居”는 사람을 부르거나, 묻거나, 상의하는 장면에서 자주 나온다.",“跟邻居说 / 问邻居 / 找邻居”처럼 사람을 바꿔 넣는 연습을 하면 응용 폭이 넓다.
25,下课,xià kè,수업 끝나다,하과,我们五点才下课。,우린 다섯 시가 돼야 수업 끝나.,wǒ men wǔ diǎn cái xià kè。,你今天几点下课？,너 오늘 몇 시에 수업 끝나?,nǐ jīn tiān jǐ diǎn xià kè？,下课以后一起吃饭吧。,수업 끝나고 같이 밥 먹자.,xià kè yǐ hòu yì qǐ chī fàn ba。,,,,“下课”는 실전회화에서 바로 써먹는 핵심 동사다.,“先/再/一下/以后” 같은 말과 붙여 여러 상황으로 바꿔 말하는 연습을 하면 좋다.
26,同事,tóng shì,동료,동사,我已经跟同事对过一遍了。,나는 이미 동료랑 한 번 맞춰 봤어.,wǒ yǐ jīng gēn tóng shì duì guò yī biàn le。,这事你跟同事确认了吗？,이 일 너 동료랑 확인했어?,zhè shì nǐ gēn tóng shì què rèn le ma？,同事那边一确定，我就告诉你。,동료 쪽이 확정되는 대로 내가 알려 줄게.,tóng shì nà biān yī què dìng， wǒ jiù gào sù nǐ。,我已经……了,……过,,"“同事”는 사람을 부르거나, 묻거나, 상의하는 장면에서 자주 나온다.",“跟同事说 / 问同事 / 找同事”처럼 사람을 바꿔 넣는 연습을 하면 응용 폭이 넓다.
27,吃饭,chī fàn,밥을 먹다,끽반,我们先吃饭，再聊别的。,우리 먼저 밥 먹고 다른 얘기하자.,wǒ men xiān chī fàn， zài liáo bié de。,你今天想在哪儿吃饭？,너 오늘 어디서 밥 먹고 싶어?,nǐ jīn tiān xiǎng zài nǎ ér chī fàn？,忙完以后一起去吃饭吧。,일 끝나고 같이 밥 먹으러 가자.,máng wán yǐ hòu yì qǐ qù chī fàn ba。,,,,“吃饭”는 실전회화에서 바로 써먹는 핵심 동사다.,“先/再/一下/以后” 같은 말과 붙여 여러 상황으로 바꿔 말하는 연습을 하면 좋다.
28,豆浆,dòu jiāng,두유,두장,我早上一般会买杯豆浆。,나는 아침에 보통 두유 한 잔을 산다.,wǒ zǎo shàng yì bān huì mǎi bēi dòu jiāng。,你喝甜豆浆还是原味的？,"너는 달콤한 두유가 좋아, 원맛이 좋아?",nǐ hē tián dòu jiāng hái shì yuán wèi de？,要是你还没吃早饭，我顺便给你带杯豆浆。,아직 아침 안 먹었으면 내가 두유 한 잔 같이 사다 줄게.,yào shì nǐ hái méi chī zǎo fàn， wǒ shùn biàn gěi nǐ dài bēi dòu jiāng。,,,,“豆浆”는 먹고 마시고 주문하는 장면에서 바로 써먹을 수 있는 생활어다.,먹기/마시기/주문하기/같이 먹자고 제안하기까지 묶어 연습하면 활용도가 높다.
29,喝水,hē shuǐ,물을 마시다,갈수,我刚想起来今天还没怎么喝水。,나 오늘 물을 거의 안 마셨다는 게 방금 생각났어.,wǒ gāng xiǎng qǐ lái jīn tiān hái méi zěn me hē shuǐ。,你今天喝水够吗？,너 오늘 물 충분히 마셨어?,nǐ jīn tiān hē shuǐ gòu ma？,忙归忙，别忘了喝水。,바빠도 물 마시는 건 잊지 마.,máng guī máng， bié wàng le hē shuǐ。,我刚……,,,“喝水”는 실전회화에서 바로 써먹는 핵심 동사다.,“先/再/一下/以后” 같은 말과 붙여 여러 상황으로 바꿔 말하는 연습을 하면 좋다.
30,服务员,fú wù yuán,서빙 직원,복무원,服务员刚把菜单拿过来。,직원이 방금 메뉴판 가져왔어.,fú wù yuán gāng bǎ cài dān ná guò lái。,你要不要叫一下服务员？,직원 좀 부를까?,nǐ yào bù yào jiào yī xià fú wù yuán？,菜还没上齐的话，我们再叫一下服务员。,음식이 아직 다 안 나왔으면 직원 한 번 더 부르자.,cài hái méi shàng qí de huà， wǒ men zài jiào yī xià fú wù yuán。,……过,要不……,,"“服务员”는 사람을 부르거나, 묻거나, 상의하는 장면에서 자주 나온다.",“跟服务员说 / 问服务员 / 找服务员”처럼 사람을 바꿔 넣는 연습을 하면 응용 폭이 넓다.
31,睡觉,shuì jiào,자다,수각,我昨晚太晚才睡觉。,나 어젯밤 너무 늦게 잤어.,wǒ zuó wǎn tài wǎn cái shuì jiào。,你平时几点睡觉？,너 보통 몇 시에 자?,nǐ píng shí jǐ diǎn shuì jiào？,别玩手机了，早点睡觉。,휴대폰 그만 보고 일찍 자.,bié wán shǒu jī le， zǎo diǎn shuì jiào。,,,,“睡觉”는 실전회화에서 바로 써먹는 핵심 동사다.,“先/再/一下/以后” 같은 말과 붙여 여러 상황으로 바꿔 말하는 연습을 하면 좋다.
32,医生,yī shēng,의사,의생,医生说先休息两天。,의사가 일단 이틀 쉬래.,yī shēng shuō xiān xiū xī liǎng tiān。,这个情况要不要再问问医生？,이 상황은 의사한테 한 번 더 물어볼까?,zhè ge qíng kuàng yào bù yào zài wèn wèn yī shēng？,明天还不舒服的话，我再去找医生。,내일도 안 좋으면 다시 의사 보러 갈게.,míng tiān hái bù shū fú de huà， wǒ zài qù zhǎo yī shēng。,要不……,,,"“医生”는 사람을 부르거나, 묻거나, 상의하는 장면에서 자주 나온다.",“跟医生说 / 问医生 / 找医生”처럼 사람을 바꿔 넣는 연습을 하면 응용 폭이 넓다.
33,饿,è,배고프다,아,我现在有点饿。,나 지금 좀 배고파.,wǒ xiàn zài yǒu diǎn è。,你也饿了吗？,너도 배고파?,nǐ yě è le ma？,太饿的话我们先吃点东西。,너무 배고프면 우리 먼저 뭐 좀 먹자.,tài è de huà wǒ men xiān chī diǎn dōng xī。,有点……,,,“饿”는 기분·상태·평가를 짧게 말할 때 자주 쓰는 핵심 형용사다.,“有点/不太/太/比较 + 饿” 식으로 강도를 조절해 말하는 연습이 특히 중요하다.
34,表,biǎo,"표, 서식, 양식",표,这个表我已经填好了。,이 양식은 이미 다 작성했어.,zhè ge biǎo wǒ yǐ jīng tián hǎo le。,这个表你能打开吗？,이 양식 열 수 있어?,zhè ge biǎo nǐ néng dǎ kāi ma？,你先看一下这个表，有问题我们再改。,"이 양식 먼저 보고, 문제 있으면 다시 고치자.",nǐ xiān kàn yī xià zhè ge biǎo， yǒu wèn tí wǒ men zài gǎi。,我已经……了,……以后，再……,,“表”는 회사·학교·병원에서 서류를 보고 채울 때 자주 쓰는 실전 표현이다.,“填表 / 看表 / 发表给我”처럼 실제 행동과 묶어서 익히면 훨씬 기억에 남는다.
35,渴,kě,목마르다,갈,我刚走一会儿就有点渴。,조금만 걸어도 금방 목말라.,wǒ gāng zǒu yī huì er jiù yǒu diǎn kě。,你现在渴不渴？,너 지금 목마르지 않아?,nǐ xiàn zài kě bù kě？,渴的话冰箱里有水。,목마르면 냉장고에 물 있어.,kě de huà bīng xiāng lǐ yǒu shuǐ。,我刚……,有点……,,“渴”는 기분·상태·평가를 짧게 말할 때 자주 쓰는 핵심 형용사다.,“有点/不太/太/比较 + 渴” 식으로 강도를 조절해 말하는 연습이 특히 중요하다.
36,开会,kāi huì,회의하다,개회,我下午得开会。,나 오후에 회의해야 해.,wǒ xià wǔ děi kāi huì。,你现在是不是在开会？,너 지금 회의 중이야?,nǐ xiàn zài shì bú shì zài kāi huì？,我先去开会，开完再回你。,"나 먼저 회의하고, 끝나면 답할게.",wǒ xiān qù kāi huì， kāi wán zài huí nǐ。,我先……,……以后，再……,,“开会”는 직장·학교에서 정말 자주 튀어나오는 대표 입말 표현이다.,“先开会 / 开完会 / 在开会”로 통째로 익혀 두면 메시지와 대화에서 바로 쓸 수 있다.
37,已经,yǐ jīng,이미,이경,我已经到公司了。,나 이미 회사에 도착했어.,wǒ yǐ jīng dào gōng sī le。,你已经吃过了吗？,너 벌써 먹었어?,nǐ yǐ jīng chī guò le ma？,这件事已经差不多定了。,이 일은 이미 거의 정해졌어.,zhè jiàn shì yǐ jīng chà bu duō dìng le。,我已经……了,……过,,"“已经”는 문장을 부드럽게 이어 주거나, 말투를 조절해 주는 고빈도 표현이다.",비슷한 내용도 “已经” 하나로 말맛이 달라지므로 짧은 문장째 통으로 익히는 게 좋다.
38,门口,mén kǒu,문앞,문구,我已经到门口了。,나 이미 문 앞에 도착했어.,wǒ yǐ jīng dào mén kǒu le。,你现在在门口吗？,너 지금 문 앞이야?,nǐ xiàn zài zài mén kǒu ma？,到了以后在门口等我一下。,도착하면 문 앞에서 잠깐 기다려.,dào le yǐ hòu zài mén kǒu děng wǒ yī xià。,我已经……了,,,“门口”는 위치를 말하거나 약속 장소를 잡을 때 아주 자주 쓰는 생활 표현이다.,“在/去/到/从 + 门口” 형태로 통째로 익히면 실제 회화에서 바로 튀어나오기 쉽다.
39,方向,fāng xiàng,방향,방향,这个方向应该对。,이 방향은 맞을 거야.,zhè ge fāng xiàng yīng gāi duì。,你确定方向没错吗？,방향 확실히 안 틀렸어?,nǐ què dìng fāng xiàng méi cuò ma？,如果方向不对，我们就马上掉头。,방향이 틀리면 바로 유턴하자.,rú guǒ fāng xiàng bú duì， wǒ men jiù mǎ shàng diào tóu。,应该……,如果……的话，……,,“方向”는 길 찾기와 내비게이션 상황에서 기본처럼 쓰이는 단어다.,“方向对不对 / 换个方向 / 看错方向”으로 바꿔 말하는 연습이 유용하다.
40,借,jiè,빌리다,차,我先借你一百块。,내가 먼저 너한테 백 위안 빌려 줄게.,wǒ xiān jiè nǐ yì bǎi kuài。,你是跟谁借的？,누구한테서 빌린 거야?,nǐ shì gēn shuí jiè de？,要是不够，你再跟我说，我再借你一点。,"부족하면 다시 말해, 내가 좀 더 빌려 줄게.",yào shì bù gòu， nǐ zài gēn wǒ shuō， wǒ zài jiè nǐ yì diǎn。,,,,“借”는 생각·감정·대인관계 상황에서 자주 쓰는 고빈도 동사다.,주어와 목적어만 바꿔도 바로 응용되므로 짧은 문장째 외우는 방식이 효과적이다.
41,一直,yì zhí,계속,일직,我一直在等你。,나 계속 기다리고 있었어.,wǒ yì zhí zài děng nǐ。,你最近一直这么忙吗？,너 요즘 계속 이렇게 바빠?,nǐ zuì jìn yì zhí zhè me máng ma？,我会一直跟进这件事。,이 일은 내가 계속 챙길게.,wǒ huì yì zhí gēn jìn zhè jiàn shì。,一直……,,,"“一直”는 문장을 부드럽게 이어 주거나, 말투를 조절해 주는 고빈도 표현이다.",비슷한 내용도 “一直” 하나로 말맛이 달라지므로 짧은 문장째 통으로 익히는 게 좋다.
42,电梯,diàn tī,엘리베이터,전제,我们坐电梯上去吧。,우리 엘리베이터 타고 올라가자.,wǒ men zuò diàn tī shàng qù ba。,电梯现在人多吗？,지금 엘리베이터 사람 많아?,diàn tī xiàn zài rén duō ma？,如果电梯太慢的话，我们走楼梯。,엘리베이터가 너무 느리면 계단으로 가자.,rú guǒ diàn tī tài màn de huà， wǒ men zǒu lóu tī。,如果……的话，……,,,“电梯”는 집이나 밖에서 찾고 챙기고 놓고 쓰는 상황에서 자주 나온다.,찾기·챙기기·두기·꺼내기 같은 쉬운 동사와 함께 문장째 익히면 활용도가 높다.
43,终于,zhōng yú,드디어,종어,我终于忙完了。,나 드디어 일 끝났다.,wǒ zhōng yú máng wán le。,你终于到了？,너 드디어 도착했네?,nǐ zhōng yú dào le？,好不容易才约上，你终于来了。,겨우 약속 잡았는데 드디어 왔네.,hǎo bù róng yì cái yuē shàng， nǐ zhōng yú lái le。,终于……了,好不容易才……,,"“终于”는 문장을 부드럽게 이어 주거나, 말투를 조절해 주는 고빈도 표현이다.",비슷한 내용도 “终于” 하나로 말맛이 달라지므로 짧은 문장째 통으로 익히는 게 좋다.
44,楼梯,lóu tī,계단,루제,我先走楼梯下去。,나 먼저 계단으로 내려갈게.,wǒ xiān zǒu lóu tī xià qù。,你想坐电梯还是走楼梯？,"엘리베이터 탈래, 아니면 계단으로 갈래?",nǐ xiǎng zuò diàn tī hái shì zǒu lóu tī？,如果不赶时间的话，我们走楼梯吧。,시간이 급하지 않으면 계단으로 가자.,rú guǒ bù gǎn shí jiān de huà， wǒ men zǒu lóu tī ba。,如果……的话，……,,,“楼梯”는 집이나 밖에서 찾고 챙기고 놓고 쓰는 상황에서 자주 나온다.,찾기·챙기기·두기·꺼내기 같은 쉬운 동사와 함께 문장째 익히면 활용도가 높다.
45,忙,máng,바쁘다,망,我这两天有点忙。,나 요 며칠 좀 바빠.,wǒ zhè liǎng tiān yǒu diǎn máng。,你最近是不是特别忙？,너 요즘 엄청 바쁜 거 아니야?,nǐ zuì jìn shì bú shì tè bié máng？,忙完这一阵，我们再约。,이 바쁜 시기 지나고 나면 다시 약속 잡자.,máng wán zhè yī zhèn， wǒ men zài yuē。,有点……,,,“忙”는 기분·상태·평가를 짧게 말할 때 자주 쓰는 핵심 형용사다.,“有点/不太/太/比较 + 忙” 식으로 강도를 조절해 말하는 연습이 특히 중요하다.
46,西红柿,xī hóng shì,토마토,서홍시,这个西红柿看着挺新鲜的。,이 토마토는 꽤 신선해 보인다.,zhè ge xī hóng shì kàn zhe tǐng xīn xiān de。,你喜欢生吃西红柿吗？,너 토마토 생으로 먹는 거 좋아해?,nǐ xǐ huān shēng chī xī hóng shì ma？,做面的话，放两个西红柿就够了。,면 요리할 때는 토마토 두 개면 충분하다.,zuò miàn de huà， fàng liǎng gè xī hóng shì jiù gòu le。,,,,“西红柿”는 먹고 마시고 주문하는 장면에서 바로 써먹을 수 있는 생활어다.,먹기/마시기/주문하기/같이 먹자고 제안하기까지 묶어 연습하면 활용도가 높다.
47,照顾,zhào gù,돌보다,조고,这几天我得照顾家里人。,요 며칠은 가족을 돌봐야 해.,zhè jǐ tiān wǒ děi zhào gù jiā lǐ rén。,你一个人照顾得过来吗？,너 혼자서 감당할 수 있겠어?,nǐ yí gè rén zhào gù dé guò lái ma？,要是你太忙，我来帮你照顾两天。,네가 너무 바쁘면 내가 이틀 정도 도와서 돌볼게.,yào shì nǐ tài máng， wǒ lái bāng nǐ zhào gù liǎng tiān。,……过,,,“照顾”는 생각·감정·대인관계 상황에서 자주 쓰는 고빈도 동사다.,주어와 목적어만 바꿔도 바로 응용되므로 짧은 문장째 외우는 방식이 효과적이다.
48,当然,dāng rán,물론,당연,你来找我，我当然高兴。,네가 나 보러 오면 나는 당연히 좋지.,nǐ lái zhǎo wǒ， wǒ dāng rán gāo xìng。,这么重要的事，你当然得去啊。,이렇게 중요한 일이면 당연히 가야지.,zhè me zhòng yào de shì， nǐ dāng rán děi qù a。,你要是忙不过来，我当然可以帮你。,네가 감당이 안 되면 내가 당연히 도와줄 수 있어.,nǐ yào shì máng bù guò lái， wǒ dāng rán kě yǐ bāng nǐ。,……过,当然……,,"“当然”는 문장을 부드럽게 이어 주거나, 말투를 조절해 주는 고빈도 표현이다.",비슷한 내용도 “当然” 하나로 말맛이 달라지므로 짧은 문장째 통으로 익히는 게 좋다.
49,沙发,shā fā,소파,사발,这个沙发坐着还挺舒服的。,이 소파는 앉으면 꽤 편하다.,zhè ge shā fā zuò zhe hái tǐng shū fú de。,你想坐沙发还是坐椅子？,"소파에 앉을래, 의자에 앉을래?",nǐ xiǎng zuò shā fā hái shì zuò yǐ zi？,要不你先坐沙发，我去倒杯水。,"너는 먼저 소파에 앉아 있어, 내가 물 한 잔 따라 올게.",yào bù nǐ xiān zuò shā fā， wǒ qù dào bēi shuǐ。,要不……,,,“沙发”는 집이나 밖에서 찾고 챙기고 놓고 쓰는 상황에서 자주 나온다.,찾기·챙기기·두기·꺼내기 같은 쉬운 동사와 함께 문장째 익히면 활용도가 높다.
50,着急,zháo jí,"조급하다, 급하다",착급,我有点着急，怕来不及。,"좀 급해, 늦을까 봐.",wǒ yǒu diǎn zháo jí， pà lái bù jí。,你先别着急，慢慢说。,일단 급해하지 말고 천천히 말해.,nǐ xiān bié zháo jí， màn màn shuō。,再着急也得把话说清楚。,아무리 급해도 말은 분명히 해야 해.,zài zháo jí yě děi bǎ huà shuō qīng chǔ。,有点……,……也……,,“着急”는 늦을까 봐 급하거나 마음이 조급할 때 정말 자주 나오는 회화어다.,“别着急 / 有点着急 / 急也没用” 같은 통문장으로 익히면 말할 때 바로 나온다.
51,消息,xiāo xī,메시지,소식,你的消息我刚看到。,네 메시지는 방금 봤다.,nǐ de xiāo xī wǒ gāng kàn dào。,你怎么还没回我消息？,왜 아직 내 메시지에 답이 없어?,nǐ zěn me hái méi huí wǒ xiāo xī？,我先回完这条消息再走。,이 메시지 답장만 하고 갈게.,wǒ xiān huí wán zhè tiáo xiāo xī zài zǒu。,,,,“消息”는 학교·업무·협업 상황에서 바로 써먹기 좋은 핵심 표현이다.,보기·말하기·정리하기·보내기 같은 흐름 안에서 통째로 익히면 말하기가 자연스러워진다.
52,因为,yīn wèi,왜냐하면,인위,因为今天下雨，所以我打车过来。,오늘 비가 와서 나는 택시 타고 왔어.,yīn wèi jīn tiān xià yǔ， suǒ yǐ wǒ dǎ chē guò lái。,因为你明天要早起，所以今天早点睡吧。,너 내일 일찍 일어나야 하니까 오늘은 일찍 자.,yīn wèi nǐ míng tiān yào zǎo qǐ， suǒ yǐ jīn tiān zǎo diǎn shuì ba。,因为手机刚好没电，所以我没接到电话。,핸드폰 배터리가 막 나가서 전화를 못 받았어.,yīn wèi shǒu jī gāng hǎo méi diàn， suǒ yǐ wǒ méi jiē dào diàn huà。,……过,因为……所以……,,"“因为”는 문장을 부드럽게 이어 주거나, 말투를 조절해 주는 고빈도 표현이다.",비슷한 내용도 “因为” 하나로 말맛이 달라지므로 짧은 문장째 통으로 익히는 게 좋다.
53,空调,kōng tiáo,에어컨,공조,屋里太热了，我先开空调。,방이 너무 더워서 먼저 에어컨을 켠다.,wū lǐ tài rè le， wǒ xiān kāi kōng tiáo。,空调温度是不是太低了？,에어컨 온도가 너무 낮은 거 아니야?,kōng tiáo wēn dù shì bú shì tài dī le？,你要是觉得冷，我把空调调高一点。,네가 춥게 느껴지면 내가 에어컨 온도를 좀 올릴게.,nǐ yào shì jué de lěng， wǒ bǎ kōng tiáo diào gāo yì diǎn。,太……了,,,“空调”는 집이나 밖에서 찾고 챙기고 놓고 쓰는 상황에서 자주 나온다.,찾기·챙기기·두기·꺼내기 같은 쉬운 동사와 함께 문장째 익히면 활용도가 높다.
54,所以,suǒ yǐ,그래서,소이,今天太堵了，所以我来晚了。,오늘 너무 막혀서 내가 늦었어.,jīn tiān tài dǔ le， suǒ yǐ wǒ lái wǎn le。,我已经吃过了，所以现在不饿。,나는 이미 먹어서 지금 안 배고파.,wǒ yǐ jīng chī guò le， suǒ yǐ xiàn zài bù è。,他还没到，所以我们再等一会儿。,걔가 아직 안 왔으니까 우리 조금만 더 기다리자.,tā hái méi dào， suǒ yǐ wǒ men zài děng yī huì er。,我已经……了,……过,太……了,"“所以”는 문장을 부드럽게 이어 주거나, 말투를 조절해 주는 고빈도 표현이다.",비슷한 내용도 “所以” 하나로 말맛이 달라지므로 짧은 문장째 통으로 익히는 게 좋다.
55,洗衣机,xǐ yī jī,세탁기,세의기,洗衣机里还有衣服。,세탁기 안에 아직 옷이 있다.,xǐ yī jī lǐ hái yǒu yī fú。,你现在要用洗衣机吗？,너 지금 세탁기 쓸 거야?,nǐ xiàn zài yào yòng xǐ yī jī ma？,这一桶洗完以后，我再用洗衣机洗我的。,이 한 통 다 돌고 나면 내가 세탁기로 내 것도 돌릴게.,zhè yī tǒng xǐ wán yǐ hòu， wǒ zài yòng xǐ yī jī xǐ wǒ de。,……以后，再……,,,“洗衣机”는 집이나 밖에서 찾고 챙기고 놓고 쓰는 상황에서 자주 나온다.,찾기·챙기기·두기·꺼내기 같은 쉬운 동사와 함께 문장째 익히면 활용도가 높다.
56,如果,rú guǒ,만약,여과,如果今天不下雨的话，我们就出去走走。,오늘 비만 안 오면 우리 나가서 좀 걷자.,rú guǒ jīn tiān bù xià yǔ de huà， wǒ men jiù chū qù zǒu zǒu。,如果你现在没空的话，晚点也可以。,지금 시간이 없으면 좀 늦어도 괜찮아.,rú guǒ nǐ xiàn zài méi kòng de huà， wǎn diǎn yě kě yǐ。,如果有变化的话，你先跟我说一声。,변동이 있으면 먼저 나한테 한마디 해 줘.,rú guǒ yǒu biàn huà de huà， nǐ xiān gēn wǒ shuō yī shēng。,如果……的话，……,,,"“如果”는 문장을 부드럽게 이어 주거나, 말투를 조절해 주는 고빈도 표현이다.",비슷한 내용도 “如果” 하나로 말맛이 달라지므로 짧은 문장째 통으로 익히는 게 좋다.
57,微波炉,wēi bō lú,전자레인지,미파로,饭我刚放进微波炉。,밥 방금 전자레인지에 넣었어.,fàn wǒ gāng fàng jìn wēi bō lú。,微波炉能正常加热吗？,전자레인지 정상적으로 데워져?,wēi bō lú néng zhèng cháng jiā rè ma？,微波炉叮了以后记得拿出来。,전자레인지 다 되면 꺼내는 거 잊지 마.,wēi bō lú dīng le yǐ hòu jì de ná chū lái。,,,,“微波炉”는 집이나 밖에서 찾고 챙기고 놓고 쓰는 상황에서 자주 나온다.,찾기·챙기기·두기·꺼내기 같은 쉬운 동사와 함께 문장째 익히면 활용도가 높다.
58,要不,yào bù,아니면,요불,要不我们先坐下再说。,우리 일단 앉아서 얘기할래?,yào bù wǒ men xiān zuò xià zài shuō。,你累了的话，要不要先休息一下？,너 피곤하면 먼저 좀 쉴래?,nǐ lèi le de huà， yào bù yào xiān xiū xī yī xià？,要不这件事明天再聊。,이 일은 내일 다시 얘기할까?,yào bù zhè jiàn shì míng tiān zài liáo。,要不……,,,"“要不”는 문장을 부드럽게 이어 주거나, 말투를 조절해 주는 고빈도 표현이다.",비슷한 내용도 “要不” 하나로 말맛이 달라지므로 짧은 문장째 통으로 익히는 게 좋다.
59,灯,dēng,불/등,등,房间里的灯还开着。,방 불이 아직 켜져 있어.,fáng jiān lǐ de dēng hái kāi zhe。,这盏灯是不是有点暗？,이 등이 좀 어두운 거 아니야?,zhè zhǎn dēng shì bú shì yǒu diǎn àn？,你出去的时候记得把灯关一下。,나갈 때 불 끄는 거 잊지 마.,nǐ chū qù de shí hòu jì de bǎ dēng guān yī xià。,,,,"“灯”는 집, 가게, 사무실 어디서나 자주 나오는 생활 명사다.",“开灯 / 关灯 / 灯太暗了”처럼 자주 붙는 동사와 함께 익히면 활용도가 높다.
60,热,rè,덥다,열,屋里有点热，我开下窗。,실내가 좀 더워서 창문 좀 열게.,wū lǐ yǒu diǎn rè， wǒ kāi xià chuāng。,你现在热吗？,너 지금 더워?,nǐ xiàn zài rè ma？,太热的话我们出去透透气。,너무 더우면 나가서 바람 좀 쐬자.,tài rè de huà wǒ men chū qù tòu tòu qì。,有点……,,,“热”는 기분·상태·평가를 짧게 말할 때 자주 쓰는 핵심 형용사다.,“有点/不太/太/比较 + 热” 식으로 강도를 조절해 말하는 연습이 특히 중요하다.
61,作业,zuò yè,과제,작업,我刚刚看了一下作业。,나 방금 作业를 한번 봤어.,wǒ gāng gāng kàn le yī xià zuò yè。,这个作业要不要再改一下？,이 作业 한 번 더 고칠까?,zhè ge zuò yè yào bù yào zài gǎi yī xià？,我先改一下作业，改完再发你。,내가 먼저 作业 좀 수정하고 다 되면 보낼게.,wǒ xiān gǎi yī xià zuò yè， gǎi wán zài fā nǐ。,我刚……,要不……,,“作业”는 학교·업무·협업 상황에서 바로 써먹기 좋은 핵심 표현이다.,보기·말하기·정리하기·보내기 같은 흐름 안에서 통째로 익히면 말하기가 자연스러워진다.
62,冷,lěng,춥다,냉,今天在外面站一会儿就冷了。,오늘은 밖에 잠깐만 있어도 춥더라.,jīn tiān zài wài miàn zhàn yī huì er jiù lěng le。,你冷不冷？,"너 추워, 안 추워?",nǐ lěng bù lěng？,冷的话就把外套穿上。,추우면 겉옷 입어.,lěng de huà jiù bǎ wài tào chuān shàng。,,,,“冷”는 기분·상태·평가를 짧게 말할 때 자주 쓰는 핵심 형용사다.,“有点/不太/太/比较 + 冷” 식으로 강도를 조절해 말하는 연습이 특히 중요하다.
63,菜单,cài dān,메뉴,채단,菜单我先看一下。,메뉴부터 한번 볼게.,cài dān wǒ xiān kàn yī xià。,你看过菜单了吗？,메뉴 봤어?,nǐ kàn guò cài dān le ma？,看完菜单以后再叫服务员。,메뉴 다 보고 나서 종업원을 부르자.,kàn wán cài dān yǐ hòu zài jiào fú wù yuán。,……过,……以后，再……,,“菜单”는 먹고 마시고 주문하는 장면에서 바로 써먹을 수 있는 생활어다.,먹기/마시기/주문하기/같이 먹자고 제안하기까지 묶어 연습하면 활용도가 높다.
64,存,cún,저장하다,존,这个我先存一下。,이거 먼저 저장해 둘게.,zhè ge wǒ xiān cún yī xià。,你存了吗？,저장했어?,nǐ cún le ma？,做完以后记得先存，不然白做了。,"다 하고 나서 먼저 저장해, 아니면 헛수고야.",zuò wán yǐ hòu jì de xiān cún， bù rán bái zuò le。,……以后，再……,,,“存”은 휴대폰·컴퓨터에서 저장할 때 실제 회화에서 훨씬 자주 쓰이는 입말이다.,“先存一下 / 存了吗 / 存起来”처럼 디지털 동작과 같이 묶어 익히면 편하다.
65,点菜,diǎn cài,메뉴 주문,점채,人到齐了再点菜吧。,사람 다 오면 그때 메뉴 주문하자.,rén dào qí le zài diǎn cài ba。,你想先点菜还是再等一会儿？,"너 먼저 주문할래, 아니면 조금 더 기다릴래?",nǐ xiǎng xiān diǎn cài hái shì zài děng yī huì er？,要不你先点菜，我去拿饮料。,"네가 먼저 주문하고, 나는 음료 가지러 갈게.",yào bù nǐ xiān diǎn cài， wǒ qù ná yǐn liào。,要不……,,,“点菜”는 먹고 마시고 주문하는 장면에서 바로 써먹을 수 있는 생활어다.,먹기/마시기/주문하기/같이 먹자고 제안하기까지 묶어 연습하면 활용도가 높다.
66,迟到,chí dào,지각하다,지도,今天路上太堵，我差点迟到。,오늘 길이 너무 막혀서 지각할 뻔했어.,jīn tiān lù shàng tài dǔ， wǒ chà diǎn chí dào。,你今天怎么又迟到了？,너 오늘은 왜 또 늦었어?,nǐ jīn tiān zěn me yòu chí dào le？,明天早点出门，别再迟到了。,내일은 좀 일찍 나가. 또 늦지 말고.,míng tiān zǎo diǎn chū mén， bié zài chí dào le。,,,,“迟到”는 생각·감정·대인관계 상황에서 자주 쓰는 고빈도 동사다.,주어와 목적어만 바꿔도 바로 응용되므로 짧은 문장째 외우는 방식이 효과적이다.
67,离,lí,"~에서 떨어져 있다, ~로부터",리,这儿离地铁站不远。,여기서 지하철역 안 멀어.,zhè ér lí dì tiě zhàn bù yuǎn。,你家离公司远吗？,너희 집 회사에서 멀어?,nǐ jiā lí gōng sī yuǎn ma？,要是离得太远，我们就打车吧。,너무 멀면 우리 택시 타자.,yào shì lí dé tài yuǎn， wǒ men jiù dǎ chē ba。,如果……的话，……,,,“离”는 거리와 위치를 말할 때 원어민이 훨씬 더 자주 쓰는 핵심 회화어다.,“离这儿远吗 / 离公司近不近”처럼 장소만 바꿔 말하는 연습이 효과적이다.
68,请假,qǐng jià,휴가를 내다,청가,我明天想请假半天。,나 내일 반차 내고 싶어.,wǒ míng tiān xiǎng qǐng jià bàn tiān。,你已经跟老板请假了吗？,사장님한테 이미 휴가 얘기했어?,nǐ yǐ jīng gēn lǎo bǎn qǐng jià le ma？,身体不舒服就先请假休息吧。,몸 안 좋으면 일단 쉬는 게 먼저야.,shēn tǐ bù shū fú jiù xiān qǐng jià xiū xī ba。,,,,“请假”는 생각·감정·대인관계 상황에서 자주 쓰는 고빈도 동사다.,주어와 목적어만 바꿔도 바로 응용되므로 짧은 문장째 외우는 방식이 효과적이다.
69,城市,chéng shì,도시,성시,这个城市生活节奏挺快的。,이 도시는 생활 템포가 꽤 빨라.,zhè ge chéng shì shēng huó jié zòu tǐng kuài de。,你觉得这个城市适合长期住吗？,너는 이 도시가 오래 살기 괜찮다고 생각해?,nǐ jué de zhè ge chéng shì shì hé cháng qī zhù ma？,要是工作合适的话，我还真想留在这个城市。,일만 잘 맞으면 나 진짜 이 도시에 남고 싶어.,yào shì gōng zuò hé shì de huà， wǒ hái zhēn xiǎng liú zài zhè ge chéng shì。,,,,“城市”는 이동·길찾기·여행 약속에서 자주 나오는 핵심 표현이다.,"출발하기, 도착하기, 길 묻기, 어디서 기다리기 같은 문장과 같이 익히면 특히 유용하다."
70,参加,cān jiā,참가하다,참가,这次活动我也想参加。,이번 활동 나도 참가하고 싶어.,zhè cì huó dòng wǒ yě xiǎng cān jiā。,你明天参加吗？,너 내일 참가해?,nǐ míng tiān cān jiā ma？,有空的话，一起参加吧。,시간 되면 같이 참여하자.,yǒu kòng de huà， yì qǐ cān jiā ba。,,,,“参加”는 생각·감정·대인관계 상황에서 자주 쓰는 고빈도 동사다.,주어와 목적어만 바꿔도 바로 응용되므로 짧은 문장째 외우는 방식이 효과적이다.
71,有趣,yǒu qù,재미있다,유취,这个人说话还挺有趣的。,이 사람 말하는 게 꽤 재밌어.,zhè ge rén shuō huà hái tǐng yǒu qù de。,你觉得这个游戏有趣吗？,이 게임 재밌다고 생각해?,nǐ jué de zhè ge yóu xì yǒu qù ma？,有趣的话下次再一起玩。,재밌으면 다음에 또 같이 하자.,yǒu qù de huà xià cì zài yì qǐ wán。,,,,“有趣”는 기분·상태·평가를 짧게 말할 때 자주 쓰는 핵심 형용사다.,“有点/不太/太/比较 + 有趣” 식으로 강도를 조절해 말하는 연습이 특히 중요하다.
72,同学,tóng xué,학우,동학,我刚在楼下碰到同学了。,나 방금 아래층에서 같은 반 친구를 만났어.,wǒ gāng zài lóu xià pèng dào tóng xué le。,你同学今天也来吗？,네 친구도 오늘 와?,nǐ tóng xué jīn tiān yě lái ma？,同学到了我们就一起进去。,친구 오면 우리 같이 들어가자.,tóng xué dào le wǒ men jiù yì qǐ jìn qù。,我刚……,,,“同学”는 학교·업무·협업 상황에서 바로 써먹기 좋은 핵심 표현이다.,보기·말하기·정리하기·보내기 같은 흐름 안에서 통째로 익히면 말하기가 자연스러워진다.
73,问,wèn,묻다,문,这事我想先问清楚。,이건 먼저 확실히 물어보고 싶어.,zhè shì wǒ xiǎng xiān wèn qīng chǔ。,你怎么不直接问他？,왜 그 사람한테 직접 안 물어봐?,nǐ zěn me bù zhí jiē wèn tā？,不懂就问，别一直猜。,모르면 물어봐. 계속 추측만 하지 말고.,bù dǒng jiù wèn， bié yì zhí cāi。,我想……,一直……,,“问”는 생각·감정·대인관계 상황에서 자주 쓰는 고빈도 동사다.,주어와 목적어만 바꿔도 바로 응용되므로 짧은 문장째 외우는 방식이 효과적이다.
74,退款,tuì kuǎn,환불하다,퇴관,这个我已经申请退款了。,이건 내가 이미 환불 신청했다.,zhè ge wǒ yǐ jīng shēn qǐng tuì kuǎn le。,这单现在还能退款吗？,이 주문 지금도 환불돼?,zhè dān xiàn zài hái néng tuì kuǎn ma？,如果尺寸不合适的话，就直接申请退款吧。,사이즈가 안 맞으면 그냥 바로 환불 신청하자.,rú guǒ chǐ cùn bù hé shì de huà， jiù zhí jiē shēn qǐng tuì kuǎn ba。,我已经……了,如果……的话，……,,“退款”는 실전회화에서 바로 써먹는 핵심 동사다.,“先/再/一下/以后” 같은 말과 붙여 여러 상황으로 바꿔 말하는 연습을 하면 좋다.
75,合适,hé shì,적당하다,합적,这个时间见面最合适。,이 시간이 만나기 제일 적당해.,zhè ge shí jiān jiàn miàn zuì hé shì。,你觉得这件衣服我穿合适吗？,이 옷 내가 입으면 잘 맞을 것 같아?,nǐ jué de zhè jiàn yī fú wǒ chuān hé shì ma？,要是合适的话，我今天就定下来。,괜찮으면 오늘 바로 정할게.,yào shì hé shì de huà， wǒ jīn tiān jiù dìng xià lái。,,,,“合适”는 기분·상태·평가를 짧게 말할 때 자주 쓰는 핵심 형용사다.,“有点/不太/太/比较 + 合适” 식으로 강도를 조절해 말하는 연습이 특히 중요하다.
76,电话,diàn huà,전화,전화,我刚给你打了个电话。,내가 방금 너한테 전화했다.,wǒ gāng gěi nǐ dǎ le gè diàn huà。,你现在方便接个电话吗？,너 지금 전화 한 통 받을 수 있어?,nǐ xiàn zài fāng biàn jiē gè diàn huà ma？,要是说不清，我们直接打电话吧。,메시지로 설명이 잘 안 되면 우리 그냥 통화하자.,yào shì shuō bù qīng， wǒ men zhí jiē dǎ diàn huà ba。,现在方便吗？,我刚……,,“电话”는 휴대폰·컴퓨터·앱 문맥에서 매우 자주 나오는 표현이다.,보내기·보기·열기·수정하기 같은 조작 동사와 같이 떠올리면 실제 사용 속도가 빨라진다.
77,加班,jiā bān,야근하다,가반,我今晚可能要加班。,나 오늘 밤 야근할 수도 있어.,wǒ jīn wǎn kě néng yào jiā bān。,你最近老是在加班吗？,너 요즘 계속 야근하니?,nǐ zuì jìn lǎo shì zài jiā bān ma？,要是还得加班，你先别等我吃饭了。,오늘도 야근이면 먼저 밥 먹고 있어.,yào shì hái děi jiā bān， nǐ xiān bié děng wǒ chī fàn le。,可能……,,,“加班”는 생각·감정·대인관계 상황에서 자주 쓰는 고빈도 동사다.,주어와 목적어만 바꿔도 바로 응용되므로 짧은 문장째 외우는 방식이 효과적이다.
78,取消,qǔ xiāo,취소하다,취소,我把明天的预约取消了。,내일 예약은 내가 취소했어.,wǒ bǎ míng tiān de yù yuē qǔ xiāo le。,这个行程要不要取消？,이 일정 취소할까?,zhè ge xíng chéng yào bù yào qǔ xiāo？,如果你实在没空，我们就先取消吧。,정말 시간이 안 되면 일단 취소하자.,rú guǒ nǐ shí zài méi kòng， wǒ men jiù xiān qǔ xiāo ba。,要不……,,,“取消”는 실전회화에서 바로 써먹는 핵심 동사다.,“先/再/一下/以后” 같은 말과 붙여 여러 상황으로 바꿔 말하는 연습을 하면 좋다.
79,干净,gān jìng,깨끗하다,간정,这家店看着挺干净的。,이 가게 꽤 깨끗해 보여.,zhè jiā diàn kàn zhe tǐng gān jìng de。,你觉得这个杯子洗干净了吗？,이 컵 깨끗하게 씻긴 것 같아?,nǐ jué de zhè ge bēi zi xǐ gān jìng le ma？,房间收拾干净以后，住着也舒服。,방 정리해서 깨끗해지면 지내기도 훨씬 편해.,fáng jiān shōu shí gān jìng yǐ hòu， zhù zhe yě shū fú。,,,,“干净”는 기분·상태·평가를 짧게 말할 때 자주 쓰는 핵심 형용사다.,“有点/不太/太/比较 + 干净” 식으로 강도를 조절해 말하는 연습이 특히 중요하다.
80,声音,shēng yīn,소리,성음,你那边声音有点小。,너 쪽 소리가 좀 작아.,nǐ nà biān shēng yīn yǒu diǎn xiǎo。,我说话的声音你听得清吗？,내 말소리 잘 들려?,wǒ shuō huà de shēng yīn nǐ tīng dé qīng ma？,声音再大一点，我这边有点吵。,"소리 좀만 더 키워, 여기 좀 시끄러워.",shēng yīn zài dà yī diǎn， wǒ zhè biān yǒu diǎn chǎo。,有点……,,,“声音”는 휴대폰·컴퓨터·앱 문맥에서 매우 자주 나오는 표현이다.,보내기·보기·열기·수정하기 같은 조작 동사와 같이 떠올리면 실제 사용 속도가 빨라진다.
81,查,chá,확인하다/조회하다,사,我先查一下时间。,내가 먼저 시간을 좀 확인해 볼게.,wǒ xiān chá yī xià shí jiān。,这个单号你查到了吗？,이 운송장 번호 조회해 봤어?,zhè ge dān hào nǐ chá dào le ma？,如果你不确定的话，我现在帮你查。,확실하지 않으면 내가 지금 확인해 줄게.,rú guǒ nǐ bù què dìng de huà， wǒ xiàn zài bāng nǐ chá。,如果……的话，……,,,“查”는 생각·감정·대인관계 상황에서 자주 쓰는 고빈도 동사다.,주어와 목적어만 바꿔도 바로 응용되므로 짧은 문장째 외우는 방식이 효과적이다.
82,迷路,mí lù,길을 잃다,미로,我刚刚差点迷路。,나 아까 길 잃을 뻔했어.,wǒ gāng gāng chà diǎn mí lù。,你一个人去会不会迷路？,너 혼자 가면 길 안 헤매겠어?,nǐ yí gè rén qù huì bú huì mí lù？,真要迷路了就给我发定位。,진짜 길 잃으면 위치 바로 보내.,zhēn yào mí lù le jiù gěi wǒ fā dìng wèi。,我刚……,,,“迷路”는 실전회화에서 바로 써먹는 핵심 동사다.,“先/再/一下/以后” 같은 말과 붙여 여러 상황으로 바꿔 말하는 연습을 하면 좋다.
83,新鲜,xīn xiān,신선하다,신선,今天的鱼看着挺新鲜的。,오늘 생선 되게 신선해 보여.,jīn tiān de yú kàn zhe tǐng xīn xiān de。,你看一下，这水果还新鲜吗？,"이것 좀 봐, 이 과일 아직 신선해?",nǐ kàn yī xià， zhè shuǐ guǒ hái xīn xiān ma？,不够新鲜的话，我们就别买了。,신선하지 않으면 그냥 사지 말자.,bù gòu xīn xiān de huà， wǒ men jiù bié mǎi le。,,,,“新鲜”는 기분·상태·평가를 짧게 말할 때 자주 쓰는 핵심 형용사다.,“有点/不太/太/比较 + 新鲜” 식으로 강도를 조절해 말하는 연습이 특히 중요하다.
84,寄,jì,부치다/보내다,기,我今天下午把快递寄了。,오늘 오후에 택배를 부쳤다.,wǒ jīn tiān xià wǔ bǎ kuài dì jì le。,你是寄到公司还是寄到家里？,"회사로 보낼 거야, 집으로 보낼 거야?",nǐ shì jì dào gōng sī hái shì jì dào jiā lǐ？,如果你来不及的话，我可以顺手帮你寄。,네가 시간이 없으면 내가 가는 길에 대신 부쳐줄 수 있어.,rú guǒ nǐ lái bù jí de huà， wǒ kě yǐ shùn shǒu bāng nǐ jì。,如果……的话，……,,,“寄”는 생각·감정·대인관계 상황에서 자주 쓰는 고빈도 동사다.,주어와 목적어만 바꿔도 바로 응용되므로 짧은 문장째 외우는 방식이 효과적이다.
85,枕头,zhěn tou,베개,침두,这个枕头有点太高了。,이 베개는 좀 너무 높아.,zhè ge zhěn tou yǒu diǎn tài gāo le。,你睡觉要不要多拿一个枕头？,잘 때 베개 하나 더 필요해?,nǐ shuì jiào yào bù yào duō ná yí gè zhěn tou？,要是睡得不舒服，我给你换个枕头。,자는데 불편하면 내가 베개 바꿔 줄게.,yào shì shuì dé bù shū fú， wǒ gěi nǐ huàn gè zhěn tou。,有点……,太……了,要不……,“枕头”는 집이나 밖에서 찾고 챙기고 놓고 쓰는 상황에서 자주 나온다.,찾기·챙기기·두기·꺼내기 같은 쉬운 동사와 함께 문장째 익히면 활용도가 높다.
86,讨论,tǎo lùn,토론하다,토론,这个问题我们得好好讨论一下。,이 문제는 우리 진지하게 한번 논의해야 해요.,zhè ge wèn tí wǒ men děi hǎo hǎo tǎo lùn yī xià。,你们讨论出结果了吗？,논의해서 결론이 나왔어요?,nǐ men tǎo lùn chū jié guǒ le ma？,这事电话里说不清，见面再讨论吧。,"이 일은 전화로는 잘 설명이 안 되니, 만나서 다시 얘기하죠.",zhè shì diàn huà lǐ shuō bù qīng， jiàn miàn zài tǎo lùn ba。,,,,“讨论”는 실전회화에서 바로 써먹는 핵심 동사다.,“先/再/一下/以后” 같은 말과 붙여 여러 상황으로 바꿔 말하는 연습을 하면 좋다.
87,行李箱,xíng lǐ xiāng,여행가방,행리상,行李箱轮子有点卡。,캐리어 바퀴가 좀 걸려.,xíng lǐ xiāng lún zi yǒu diǎn kǎ。,你行李箱要托运吗？,네 캐리어 부칠 거야?,nǐ xíng lǐ xiāng yào tuō yùn ma？,行李箱先放门口，等会儿一起拿下去。,캐리어는 일단 문 앞에 두고 이따 같이 들고 내려가자.,xíng lǐ xiāng xiān fàng mén kǒu， děng huì er yì qǐ ná xià qù。,有点……,,,“行李箱”는 집이나 밖에서 찾고 챙기고 놓고 쓰는 상황에서 자주 나온다.,찾기·챙기기·두기·꺼내기 같은 쉬운 동사와 함께 문장째 익히면 활용도가 높다.
88,提醒,tí xǐng,상기시키다,제성,谢谢你提醒我。,상기시켜줘서 고마워.,xiè xiè nǐ tí xǐng wǒ。,你明天记得提醒我一下。,내일 나한테 꼭 한번 알려줘.,nǐ míng tiān jì de tí xǐng wǒ yī xià。,我晚点再提醒你，免得你忘了。,나중에 다시 한 번 알려줄게. 잊어버릴까 봐.,wǒ wǎn diǎn zài tí xǐng nǐ， miǎn de nǐ wàng le。,,,,“提醒”는 실전회화에서 바로 써먹는 핵심 동사다.,“先/再/一下/以后” 같은 말과 붙여 여러 상황으로 바꿔 말하는 연습을 하면 좋다.
89,解释,jiě shì,설명하다,해석,这事我已经跟他解释清楚了。,이 일은 이미 그 사람한테 분명히 설명했어.,zhè shì wǒ yǐ jīng gēn tā jiě shì qīng chǔ le。,你要不要当面解释一下？,직접 만나서 한번 설명할래?,nǐ yào bù yào dāng miàn jiě shì yī xià？,等他冷静一点，你再解释也不迟。,상대가 좀 진정된 다음에 설명해도 늦지 않아.,děng tā lěng jìng yì diǎn， nǐ zài jiě shì yě bù chí。,我已经……了,要不……,,“解释”는 생각·감정·대인관계 상황에서 자주 쓰는 고빈도 동사다.,주어와 목적어만 바꿔도 바로 응용되므로 짧은 문장째 외우는 방식이 효과적이다.
90,垃圾袋,lā jī dài,쓰레기봉투,랍급대,垃圾袋快用完了。,쓰레기봉투 거의 다 썼어.,lā jī dài kuài yòng wán le。,家里还有垃圾袋吗？,집에 쓰레기봉투 더 있어?,jiā lǐ hái yǒu lā jī dài ma？,回来的时候顺便买一包垃圾袋。,돌아올 때 쓰레기봉투 한 팩만 사 와.,huí lái de shí hòu shùn biàn mǎi yī bāo lā jī dài。,,,,“垃圾袋”는 집이나 밖에서 찾고 챙기고 놓고 쓰는 상황에서 자주 나온다.,찾기·챙기기·두기·꺼내기 같은 쉬운 동사와 함께 문장째 익히면 활용도가 높다.
